<?xml version="1.0" encoding="UTF-8"?>
<project-private xmlns="http://www.netbeans.org/ns/project-private/1">
    <editor-bookmarks xmlns="http://www.netbeans.org/ns/editor-bookmarks/2" lastBookmarkId="0"/>
    <open-files xmlns="http://www.netbeans.org/ns/projectui-open-files/2">
        <group>
            <file>file:/C:/Users/Ardya/Documents/NetBeansProjects/resto/src/Assets/3.jpg</file>
            <file>file:/C:/Users/Ardya/Documents/NetBeansProjects/resto/src/MVC/MVC_AddSupply.java</file>
            <file>file:/C:/Users/Ardya/Documents/NetBeansProjects/resto/src/Model/JavaDatabase.java</file>
            <file>file:/C:/Users/Ardya/Documents/NetBeansProjects/resto/src/Controller/ControllerAddSupply.java</file>
            <file>file:/C:/Users/Ardya/Documents/NetBeansProjects/resto/src/Main.java</file>
            <file>file:/C:/Users/Ardya/Documents/NetBeansProjects/resto/src/MVC/MVC_AddSupplier.java</file>
            <file>file:/C:/Users/Ardya/Documents/NetBeansProjects/resto/src/Assets/kirim.png</file>
            <file>file:/C:/Users/Ardya/Documents/NetBeansProjects/resto/src/MVC/MVC_Main.java</file>
            <file>file:/C:/Users/Ardya/Documents/NetBeansProjects/resto/src/Assets/2.jpg</file>
            <file>file:/C:/Users/Ardya/Documents/NetBeansProjects/resto/src/Model/ModelSupply.java</file>
            <file>file:/C:/Users/Ardya/Documents/NetBeansProjects/resto/src/View/ViewMain.java</file>
            <file>file:/C:/Users/Ardya/Documents/NetBeansProjects/resto/src/Assets/deliv.jpg</file>
            <file>file:/C:/Users/Ardya/Documents/NetBeansProjects/resto/src/Controller/ControllerHome.java</file>
            <file>file:/C:/Users/Ardya/Documents/NetBeansProjects/resto/src/View/ViewAddSupply.java</file>
            <file>file:/C:/Users/Ardya/Documents/NetBeansProjects/resto/src/Controller/ControllerEditSupply.java</file>
            <file>file:/C:/Users/Ardya/Documents/NetBeansProjects/resto/src/MVC/MVC_Home.java</file>
            <file>file:/C:/Users/Ardya/Documents/NetBeansProjects/resto/src/View/ViewSupply.java</file>
            <file>file:/C:/Users/Ardya/Documents/NetBeansProjects/resto/src/Assets/hm.jpg</file>
            <file>file:/C:/Users/Ardya/Documents/NetBeansProjects/resto/src/Controller/ControllerAddSupplier.java</file>
            <file>file:/C:/Users/Ardya/Documents/NetBeansProjects/resto/src/View/ViewLogout.java</file>
            <file>file:/C:/Users/Ardya/Documents/NetBeansProjects/resto/src/Assets/u.png</file>
            <file>file:/C:/Users/Ardya/Documents/NetBeansProjects/resto/src/Controller/ControllerSupply.java</file>
            <file>file:/C:/Users/Ardya/Documents/NetBeansProjects/resto/src/MVC/MVC_EditSupply.java</file>
            <file>file:/C:/Users/Ardya/Documents/NetBeansProjects/resto/src/Model/ModelMain.java</file>
            <file>file:/C:/Users/Ardya/Documents/NetBeansProjects/resto/src/View/ViewEditSupply.java</file>
            <file>file:/C:/Users/Ardya/Documents/NetBeansProjects/resto/src/MVC/MVC_Logout.java</file>
            <file>file:/C:/Users/Ardya/Documents/NetBeansProjects/resto/src/Controller/ControllerMain.java</file>
            <file>file:/C:/Users/Ardya/Documents/NetBeansProjects/resto/src/View/ViewAddSupplier.java</file>
            <file>file:/C:/Users/Ardya/Documents/NetBeansProjects/resto/src/Controller/ControllerLogout.java</file>
            <file>file:/C:/Users/Ardya/Documents/NetBeansProjects/resto/src/View/ViewHome.java</file>
            <file>file:/C:/Users/Ardya/Documents/NetBeansProjects/resto/src/Assets/kurir.png</file>
            <file>file:/C:/Users/Ardya/Documents/NetBeansProjects/resto/src/Model/ModelAddSupplier.java</file>
            <file>file:/C:/Users/Ardya/Documents/NetBeansProjects/resto/src/Assets/fd.png</file>
            <file>file:/C:/Users/Ardya/Documents/NetBeansProjects/resto/src/MVC/MVC_Supply.java</file>
            <file>file:/C:/Users/Ardya/Documents/NetBeansProjects/resto/src/Assets/1.jpg</file>
        </group>
    </open-files>
</project-private>
